tr_1 0.03267685		0.03267685		4	n1	n4	1	1
tr_1 0.00005999		0.00005999		2	n1	n2	2	2
tr_1 0.00004565		0.00004565		2	n3	n4	5	5
tr_1 0.02521971		0.02521971		4	n5	n8	8	8
tr_1 0.00109527		0.00109527		2	n5	n6	9	9
tr_1 0.00019890		0.00019890		2	n7	n8	12	12
tr_10 0.00006746		0.00006746		4	n1	n4	1	1
tr_10 0.00001651		0.00001651		2	n1	n2	2	2
tr_10 0.00004967		0.00004967		2	n3	n4	5	5
tr_10 0.00002686		0.00002686		4	n5	n8	8	8
tr_10 0.00111070		0.00111070		2	n5	n6	9	9
tr_10 0.00009658		0.00009658		2	n7	n8	12	12
tr_100 0.00052360		0.00052360		4	n1	n4	1	1
tr_100 0.04765824		0.04765824		2	n1	n2	2	2
tr_100 0.00035835		0.00035835		2	n3	n4	5	5
tr_100 0.00244524		0.00244524		4	n5	n8	8	8
tr_100 0.00091050		0.00091050		2	n5	n6	9	9
tr_100 0.00659529		0.00659529		2	n7	n8	12	12
tr_101 0.00010940		0.00010940		4	n1	n4	1	1
tr_101 0.06851432		0.06851432		2	n1	n2	2	2
tr_101 0.00027271		0.00027271		2	n3	n4	5	5
tr_101 0.00016012		0.00016012		4	n5	n8	8	8
tr_101 0.00050664		0.00050664		2	n5	n6	9	9
tr_101 0.00002184		0.00002184		2	n7	n8	12	12
tr_102 0.00002782		0.00002782		4	n1	n4	1	1
tr_102 0.00097437		0.00097437		2	n1	n2	2	2
tr_102 0.00011835		0.00011835		2	n3	n4	5	5
tr_102 0.00112700		0.00112700		4	n5	n8	8	8
tr_102 0.01194834		0.01194834		2	n5	n6	9	9
tr_102 0.05340723		0.05340723		2	n7	n8	12	12
tr_103 0.00117750		0.00117750		4	n1	n4	1	1
tr_103 0.00152318		0.00152318		2	n1	n2	2	2
tr_103 0.00003617		0.00003617		2	n3	n4	5	5
tr_103 0.00006907		0.00006907		4	n5	n8	8	8
tr_103 0.00001295		0.00001295		2	n5	n6	9	9
tr_103 0.00560642		0.00560642		2	n7	n8	12	12
tr_104 0.00072252		0.00072252		4	n1	n4	1	1
tr_104 0.00009262		0.00009262		2	n1	n2	2	2
tr_104 0.00002909		0.00002909		2	n3	n4	5	5
tr_104 0.00212404		0.00212404		4	n5	n8	8	8
tr_104 0.01206279		0.01206279		2	n5	n6	9	9
tr_104 0.00016192		0.00016192		2	n7	n8	12	12
tr_105 0.08519440		0.08519440		4	n1	n4	1	1
tr_105 0.00001651		0.00001651		2	n1	n2	2	2
tr_105 0.00517551		0.00517551		2	n3	n4	5	5
tr_105 0.00001805		0.00001805		4	n5	n8	8	8
tr_105 0.00058475		0.00058475		2	n5	n6	9	9
tr_105 0.00667914		0.00667914		2	n7	n8	12	12
tr_106 0.01474441		0.01474441		4	n1	n4	1	1
tr_106 0.02166498		0.02166498		2	n1	n2	2	2
tr_106 0.00190130		0.00190130		2	n3	n4	5	5
tr_106 0.00001152		0.00001152		4	n5	n8	8	8
tr_106 0.00003807		0.00003807		2	n5	n6	9	9
tr_106 0.00120504		0.00120504		2	n7	n8	12	12
tr_107 0.04465639		0.04465639		4	n1	n4	1	1
tr_107 0.00001140		0.00001140		2	n1	n2	2	2
tr_107 0.01411730		0.01411730		2	n3	n4	5	5
tr_107 0.03075082		0.03075082		4	n5	n8	8	8
tr_107 0.00001547		0.00001547		2	n5	n6	9	9
tr_107 0.00057147		0.00057147		2	n7	n8	12	12
tr_108 0.00282142		0.00282142		4	n1	n4	1	1
tr_108 0.00093543		0.00093543		2	n1	n2	2	2
tr_108 0.00001682		0.00001682		2	n3	n4	5	5
tr_108 0.00224459		0.00224459		4	n5	n8	8	8
tr_108 0.00024689		0.00024689		2	n5	n6	9	9
tr_108 0.00125860		0.00125860		2	n7	n8	12	12
tr_109 0.11760139		0.11760139		4	n1	n4	1	1
tr_109 0.00483762		0.00483762		2	n1	n2	2	2
tr_109 0.00003082		0.00003082		2	n3	n4	5	5
tr_109 0.00360043		0.00360043		4	n5	n8	8	8
tr_109 0.00010689		0.00010689		2	n5	n6	9	9
tr_109 0.00002029		0.00002029		2	n7	n8	12	12
tr_11 0.00019451		0.00019451		4	n1	n4	1	1
tr_11 0.00025423		0.00025423		2	n1	n2	2	2
tr_11 0.00003881		0.00003881		2	n3	n4	5	5
tr_11 0.00038696		0.00038696		4	n5	n8	8	8
tr_11 0.00194325		0.00194325		2	n5	n6	9	9
tr_11 0.00737149		0.00737149		2	n7	n8	12	12
tr_110 0.00002024		0.00002024		4	n1	n4	1	1
tr_110 0.03598772		0.03598772		2	n1	n2	2	2
tr_110 0.00034415		0.00034415		2	n3	n4	5	5
tr_110 0.06926396		0.06926396		4	n5	n8	8	8
tr_110 0.00018037		0.00018037		2	n5	n6	9	9
tr_110 0.00065627		0.00065627		2	n7	n8	12	12
tr_111 0.00110781		0.00110781		4	n1	n4	1	1
tr_111 0.00031804		0.00031804		2	n1	n2	2	2
tr_111 0.00153191		0.00153191		2	n3	n4	5	5
tr_111 0.00444657		0.00444657		4	n5	n8	8	8
tr_111 0.00067826		0.00067826		2	n5	n6	9	9
tr_111 0.00021535		0.00021535		2	n7	n8	12	12
tr_112 0.00001507		0.00001507		4	n1	n4	1	1
tr_112 0.00007459		0.00007459		2	n1	n2	2	2
tr_112 0.01938903		0.01938903		2	n3	n4	5	5
tr_112 0.00002456		0.00002456		4	n5	n8	8	8
tr_112 0.00044836		0.00044836		2	n5	n6	9	9
tr_112 0.00001509		0.00001509		2	n7	n8	12	12
tr_113 0.00038876		0.00038876		4	n1	n4	1	1
tr_113 0.00001139		0.00001139		2	n1	n2	2	2
tr_113 0.00059380		0.00059380		2	n3	n4	5	5
tr_113 0.00010539		0.00010539		4	n5	n8	8	8
tr_113 0.01400897		0.01400897		2	n5	n6	9	9
tr_113 0.00719711		0.00719711		2	n7	n8	12	12
tr_114 0.00181066		0.00181066		4	n1	n4	1	1
tr_114 0.00007908		0.00007908		2	n1	n2	2	2
tr_114 0.03224729		0.03224729		2	n3	n4	5	5
tr_114 0.00013030		0.00013030		4	n5	n8	8	8
tr_114 0.00037169		0.00037169		2	n5	n6	9	9
tr_114 0.01078816		0.01078816		2	n7	n8	12	12
tr_115 0.00003779		0.00003779		4	n1	n4	1	1
tr_115 0.00003164		0.00003164		2	n1	n2	2	2
tr_115 0.00007307		0.00007307		2	n3	n4	5	5
tr_115 0.00005578		0.00005578		4	n5	n8	8	8
tr_115 0.00008603		0.00008603		2	n5	n6	9	9
tr_115 0.11844182		0.11844182		2	n7	n8	12	12
tr_116 0.00013291		0.00013291		4	n1	n4	1	1
tr_116 0.00080269		0.00080269		2	n1	n2	2	2
tr_116 0.00070761		0.00070761		2	n3	n4	5	5
tr_116 0.02778611		0.02778611		4	n5	n8	8	8
tr_116 0.03679539		0.03679539		2	n5	n6	9	9
tr_116 0.00810580		0.00810580		2	n7	n8	12	12
tr_117 0.00008753		0.00008753		4	n1	n4	1	1
tr_117 0.03045238		0.03045238		2	n1	n2	2	2
tr_117 0.00078933		0.00078933		2	n3	n4	5	5
tr_117 0.00035979		0.00035979		4	n5	n8	8	8
tr_117 0.00012360		0.00012360		2	n5	n6	9	9
tr_117 0.00004226		0.00004226		2	n7	n8	12	12
tr_118 0.00003462		0.00003462		4	n1	n4	1	1
tr_118 0.00086366		0.00086366		2	n1	n2	2	2
tr_118 0.00048680		0.00048680		2	n3	n4	5	5
tr_118 0.00849933		0.00849933		4	n5	n8	8	8
tr_118 0.07059365		0.07059365		2	n5	n6	9	9
tr_118 0.01281772		0.01281772		2	n7	n8	12	12
tr_119 0.00652861		0.00652861		4	n1	n4	1	1
tr_119 0.02357613		0.02357613		2	n1	n2	2	2
tr_119 0.05127698		0.05127698		2	n3	n4	5	5
tr_119 0.00009360		0.00009360		4	n5	n8	8	8
tr_119 0.00012858		0.00012858		2	n5	n6	9	9
tr_119 0.00527357		0.00527357		2	n7	n8	12	12
tr_12 0.00003971		0.00003971		4	n1	n4	1	1
tr_12 0.00001604		0.00001604		2	n1	n2	2	2
tr_12 0.04016604		0.04016604		2	n3	n4	5	5
tr_12 0.00023186		0.00023186		4	n5	n8	8	8
tr_12 0.00014384		0.00014384		2	n5	n6	9	9
tr_12 0.00013253		0.00013253		2	n7	n8	12	12
tr_120 0.07448149		0.07448149		4	n1	n4	1	1
tr_120 0.00066472		0.00066472		2	n1	n2	2	2
tr_120 0.01254560		0.01254560		2	n3	n4	5	5
tr_120 0.00142694		0.00142694		4	n5	n8	8	8
tr_120 0.00062000		0.00062000		2	n5	n6	9	9
tr_120 0.00045840		0.00045840		2	n7	n8	12	12
tr_13 0.07365483		0.07365483		4	n1	n4	1	1
tr_13 0.04729489		0.04729489		2	n1	n2	2	2
tr_13 0.00687038		0.00687038		2	n3	n4	5	5
tr_13 0.02442356		0.02442356		4	n5	n8	8	8
tr_13 0.00287263		0.00287263		2	n5	n6	9	9
tr_13 0.02013836		0.02013836		2	n7	n8	12	12
tr_14 0.02173040		0.02173040		4	n1	n4	1	1
tr_14 0.00001827		0.00001827		2	n1	n2	2	2
tr_14 0.00111006		0.00111006		2	n3	n4	5	5
tr_14 0.00886372		0.00886372		4	n5	n8	8	8
tr_14 0.00493815		0.00493815		2	n5	n6	9	9
tr_14 0.00002518		0.00002518		2	n7	n8	12	12
tr_15 0.00002305		0.00002305		4	n1	n4	1	1
tr_15 0.00042336		0.00042336		2	n1	n2	2	2
tr_15 0.00524775		0.00524775		2	n3	n4	5	5
tr_15 0.00019428		0.00019428		4	n5	n8	8	8
tr_15 0.00477100		0.00477100		2	n5	n6	9	9
tr_15 0.08893176		0.08893176		2	n7	n8	12	12
tr_16 0.00010679		0.00010679		4	n1	n4	1	1
tr_16 0.00098696		0.00098696		2	n1	n2	2	2
tr_16 0.00041468		0.00041468		2	n3	n4	5	5
tr_16 0.00235103		0.00235103		4	n5	n8	8	8
tr_16 0.04033585		0.04033585		2	n5	n6	9	9
tr_16 0.00001229		0.00001229		2	n7	n8	12	12
tr_17 0.10074591		0.10074591		4	n1	n4	1	1
tr_17 0.00235850		0.00235850		2	n1	n2	2	2
tr_17 0.00005290		0.00005290		2	n3	n4	5	5
tr_17 0.00643282		0.00643282		4	n5	n8	8	8
tr_17 0.01377803		0.01377803		2	n5	n6	9	9
tr_17 0.00026690		0.00026690		2	n7	n8	12	12
tr_18 0.00004838		0.00004838		4	n1	n4	1	1
tr_18 0.00001324		0.00001324		2	n1	n2	2	2
tr_18 0.00054858		0.00054858		2	n3	n4	5	5
tr_18 0.00155601		0.00155601		4	n5	n8	8	8
tr_18 0.07399510		0.07399510		2	n5	n6	9	9
tr_18 0.00087815		0.00087815		2	n7	n8	12	12
tr_19 0.00010572		0.00010572		4	n1	n4	1	1
tr_19 0.11770302		0.11770302		2	n1	n2	2	2
tr_19 0.00005463		0.00005463		2	n3	n4	5	5
tr_19 0.00031359		0.00031359		4	n5	n8	8	8
tr_19 0.06797686		0.06797686		2	n5	n6	9	9
tr_19 0.00001128		0.00001128		2	n7	n8	12	12
tr_2 0.00002779		0.00002779		4	n1	n4	1	1
tr_2 0.00006216		0.00006216		2	n1	n2	2	2
tr_2 0.00134565		0.00134565		2	n3	n4	5	5
tr_2 0.00008274		0.00008274		4	n5	n8	8	8
tr_2 0.00002869		0.00002869		2	n5	n6	9	9
tr_2 0.00212568		0.00212568		2	n7	n8	12	12
tr_20 0.00012182		0.00012182		4	n1	n4	1	1
tr_20 0.00072441		0.00072441		2	n1	n2	2	2
tr_20 0.00001419		0.00001419		2	n3	n4	5	5
tr_20 0.00308124		0.00308124		4	n5	n8	8	8
tr_20 0.00264171		0.00264171		2	n5	n6	9	9
tr_20 0.00154176		0.00154176		2	n7	n8	12	12
tr_21 0.00006309		0.00006309		4	n1	n4	1	1
tr_21 0.00045599		0.00045599		2	n1	n2	2	2
tr_21 0.00032948		0.00032948		2	n3	n4	5	5
tr_21 0.00408504		0.00408504		4	n5	n8	8	8
tr_21 0.00004525		0.00004525		2	n5	n6	9	9
tr_21 0.00099645		0.00099645		2	n7	n8	12	12
tr_22 0.00027742		0.00027742		4	n1	n4	1	1
tr_22 0.00001321		0.00001321		2	n1	n2	2	2
tr_22 0.00009288		0.00009288		2	n3	n4	5	5
tr_22 0.00006553		0.00006553		4	n5	n8	8	8
tr_22 0.00008736		0.00008736		2	n5	n6	9	9
tr_22 0.00181282		0.00181282		2	n7	n8	12	12
tr_23 0.02483453		0.02483453		4	n1	n4	1	1
tr_23 0.01751367		0.01751367		2	n1	n2	2	2
tr_23 0.01381093		0.01381093		2	n3	n4	5	5
tr_23 0.02050327		0.02050327		4	n5	n8	8	8
tr_23 0.00016352		0.00016352		2	n5	n6	9	9
tr_23 0.00010414		0.00010414		2	n7	n8	12	12
tr_24 0.00017128		0.00017128		4	n1	n4	1	1
tr_24 0.04026644		0.04026644		2	n1	n2	2	2
tr_24 0.00010425		0.00010425		2	n3	n4	5	5
tr_24 0.00518790		0.00518790		4	n5	n8	8	8
tr_24 0.00001552		0.00001552		2	n5	n6	9	9
tr_24 0.00001332		0.00001332		2	n7	n8	12	12
tr_25 0.00020695		0.00020695		4	n1	n4	1	1
tr_25 0.07319734		0.07319734		2	n1	n2	2	2
tr_25 0.04589533		0.04589533		2	n3	n4	5	5
tr_25 0.00691990		0.00691990		4	n5	n8	8	8
tr_25 0.00011283		0.00011283		2	n5	n6	9	9
tr_25 0.00005941		0.00005941		2	n7	n8	12	12
tr_26 0.09187717		0.09187717		4	n1	n4	1	1
tr_26 0.00023090		0.00023090		2	n1	n2	2	2
tr_26 0.00006620		0.00006620		2	n3	n4	5	5
tr_26 0.00004788		0.00004788		4	n5	n8	8	8
tr_26 0.01886167		0.01886167		2	n5	n6	9	9
tr_26 0.00001879		0.00001879		2	n7	n8	12	12
tr_27 0.02730040		0.02730040		4	n1	n4	1	1
tr_27 0.01492794		0.01492794		2	n1	n2	2	2
tr_27 0.00005992		0.00005992		2	n3	n4	5	5
tr_27 0.00021984		0.00021984		4	n5	n8	8	8
tr_27 0.11277728		0.11277728		2	n5	n6	9	9
tr_27 0.04342976		0.04342976		2	n7	n8	12	12
tr_28 0.01024551		0.01024551		4	n1	n4	1	1
tr_28 0.08512475		0.08512475		2	n1	n2	2	2
tr_28 0.00952107		0.00952107		2	n3	n4	5	5
tr_28 0.09170228		0.09170228		4	n5	n8	8	8
tr_28 0.00382068		0.00382068		2	n5	n6	9	9
tr_28 0.00431039		0.00431039		2	n7	n8	12	12
tr_29 0.00257286		0.00257286		4	n1	n4	1	1
tr_29 0.00002940		0.00002940		2	n1	n2	2	2
tr_29 0.00007623		0.00007623		2	n3	n4	5	5
tr_29 0.00004272		0.00004272		4	n5	n8	8	8
tr_29 0.00083077		0.00083077		2	n5	n6	9	9
tr_29 0.02857868		0.02857868		2	n7	n8	12	12
tr_3 0.00091715		0.00091715		4	n1	n4	1	1
tr_3 0.03358145		0.03358145		2	n1	n2	2	2
tr_3 0.00845209		0.00845209		2	n3	n4	5	5
tr_3 0.00001071		0.00001071		4	n5	n8	8	8
tr_3 0.00029672		0.00029672		2	n5	n6	9	9
tr_3 0.02811468		0.02811468		2	n7	n8	12	12
tr_30 0.00142872		0.00142872		4	n1	n4	1	1
tr_30 0.00027344		0.00027344		2	n1	n2	2	2
tr_30 0.00379970		0.00379970		2	n3	n4	5	5
tr_30 0.00030666		0.00030666		4	n5	n8	8	8
tr_30 0.00723496		0.00723496		2	n5	n6	9	9
tr_30 0.01520717		0.01520717		2	n7	n8	12	12
tr_31 0.00039023		0.00039023		4	n1	n4	1	1
tr_31 0.02373006		0.02373006		2	n1	n2	2	2
tr_31 0.00366150		0.00366150		2	n3	n4	5	5
tr_31 0.01653402		0.01653402		4	n5	n8	8	8
tr_31 0.02950048		0.02950048		2	n5	n6	9	9
tr_31 0.00044322		0.00044322		2	n7	n8	12	12
tr_32 0.00003769		0.00003769		4	n1	n4	1	1
tr_32 0.00603351		0.00603351		2	n1	n2	2	2
tr_32 0.00290152		0.00290152		2	n3	n4	5	5
tr_32 0.00066976		0.00066976		4	n5	n8	8	8
tr_32 0.08345377		0.08345377		2	n5	n6	9	9
tr_32 0.00014264		0.00014264		2	n7	n8	12	12
tr_33 0.00460079		0.00460079		4	n1	n4	1	1
tr_33 0.01296685		0.01296685		2	n1	n2	2	2
tr_33 0.00234825		0.00234825		2	n3	n4	5	5
tr_33 0.08101990		0.08101990		4	n5	n8	8	8
tr_33 0.05629329		0.05629329		2	n5	n6	9	9
tr_33 0.00053581		0.00053581		2	n7	n8	12	12
tr_34 0.00038171		0.00038171		4	n1	n4	1	1
tr_34 0.00018863		0.00018863		2	n1	n2	2	2
tr_34 0.00133018		0.00133018		2	n3	n4	5	5
tr_34 0.00066040		0.00066040		4	n5	n8	8	8
tr_34 0.04381747		0.04381747		2	n5	n6	9	9
tr_34 0.00120018		0.00120018		2	n7	n8	12	12
tr_35 0.06270165		0.06270165		4	n1	n4	1	1
tr_35 0.03875718		0.03875718		2	n1	n2	2	2
tr_35 0.10934160		0.10934160		2	n3	n4	5	5
tr_35 0.00088153		0.00088153		4	n5	n8	8	8
tr_35 0.00030982		0.00030982		2	n5	n6	9	9
tr_35 0.00008644		0.00008644		2	n7	n8	12	12
tr_36 0.04496459		0.04496459		4	n1	n4	1	1
tr_36 0.02294179		0.02294179		2	n1	n2	2	2
tr_36 0.00090264		0.00090264		2	n3	n4	5	5
tr_36 0.00176665		0.00176665		4	n5	n8	8	8
tr_36 0.03290703		0.03290703		2	n5	n6	9	9
tr_36 0.00659325		0.00659325		2	n7	n8	12	12
tr_37 0.00090419		0.00090419		4	n1	n4	1	1
tr_37 0.00002490		0.00002490		2	n1	n2	2	2
tr_37 0.00254915		0.00254915		2	n3	n4	5	5
tr_37 0.00003956		0.00003956		4	n5	n8	8	8
tr_37 0.01956393		0.01956393		2	n5	n6	9	9
tr_37 0.00007502		0.00007502		2	n7	n8	12	12
tr_38 0.00176524		0.00176524		4	n1	n4	1	1
tr_38 0.01062670		0.01062670		2	n1	n2	2	2
tr_38 0.00036488		0.00036488		2	n3	n4	5	5
tr_38 0.07850875		0.07850875		4	n5	n8	8	8
tr_38 0.00249323		0.00249323		2	n5	n6	9	9
tr_38 0.00003535		0.00003535		2	n7	n8	12	12
tr_39 0.00245220		0.00245220		4	n1	n4	1	1
tr_39 0.00001332		0.00001332		2	n1	n2	2	2
tr_39 0.00017277		0.00017277		2	n3	n4	5	5
tr_39 0.11799751		0.11799751		4	n5	n8	8	8
tr_39 0.03685582		0.03685582		2	n5	n6	9	9
tr_39 0.01156872		0.01156872		2	n7	n8	12	12
tr_4 0.02890239		0.02890239		4	n1	n4	1	1
tr_4 0.00011084		0.00011084		2	n1	n2	2	2
tr_4 0.00001073		0.00001073		2	n3	n4	5	5
tr_4 0.00051422		0.00051422		4	n5	n8	8	8
tr_4 0.00001249		0.00001249		2	n5	n6	9	9
tr_4 0.02931072		0.02931072		2	n7	n8	12	12
tr_40 0.05162514		0.05162514		4	n1	n4	1	1
tr_40 0.00570018		0.00570018		2	n1	n2	2	2
tr_40 0.00176843		0.00176843		2	n3	n4	5	5
tr_40 0.00003464		0.00003464		4	n5	n8	8	8
tr_40 0.00001582		0.00001582		2	n5	n6	9	9
tr_40 0.03332412		0.03332412		2	n7	n8	12	12
tr_41 0.00003413		0.00003413		4	n1	n4	1	1
tr_41 0.07204411		0.07204411		2	n1	n2	2	2
tr_41 0.00004820		0.00004820		2	n3	n4	5	5
tr_41 0.00008929		0.00008929		4	n5	n8	8	8
tr_41 0.00004192		0.00004192		2	n5	n6	9	9
tr_41 0.00078754		0.00078754		2	n7	n8	12	12
tr_42 0.00012260		0.00012260		4	n1	n4	1	1
tr_42 0.00009890		0.00009890		2	n1	n2	2	2
tr_42 0.00240376		0.00240376		2	n3	n4	5	5
tr_42 0.04720686		0.04720686		4	n5	n8	8	8
tr_42 0.00085955		0.00085955		2	n5	n6	9	9
tr_42 0.05651386		0.05651386		2	n7	n8	12	12
tr_43 0.00005421		0.00005421		4	n1	n4	1	1
tr_43 0.00005672		0.00005672		2	n1	n2	2	2
tr_43 0.00162485		0.00162485		2	n3	n4	5	5
tr_43 0.00006725		0.00006725		4	n5	n8	8	8
tr_43 0.00214232		0.00214232		2	n5	n6	9	9
tr_43 0.00014069		0.00014069		2	n7	n8	12	12
tr_44 0.00003406		0.00003406		4	n1	n4	1	1
tr_44 0.00005581		0.00005581		2	n1	n2	2	2
tr_44 0.00278351		0.00278351		2	n3	n4	5	5
tr_44 0.00108292		0.00108292		4	n5	n8	8	8
tr_44 0.00014934		0.00014934		2	n5	n6	9	9
tr_44 0.00007119		0.00007119		2	n7	n8	12	12
tr_45 0.04813463		0.04813463		4	n1	n4	1	1
tr_45 0.00663715		0.00663715		2	n1	n2	2	2
tr_45 0.00057451		0.00057451		2	n3	n4	5	5
tr_45 0.01323769		0.01323769		4	n5	n8	8	8
tr_45 0.00025705		0.00025705		2	n5	n6	9	9
tr_45 0.00337519		0.00337519		2	n7	n8	12	12
tr_46 0.00020504		0.00020504		4	n1	n4	1	1
tr_46 0.04135613		0.04135613		2	n1	n2	2	2
tr_46 0.00783464		0.00783464		2	n3	n4	5	5
tr_46 0.05017900		0.05017900		4	n5	n8	8	8
tr_46 0.03874816		0.03874816		2	n5	n6	9	9
tr_46 0.00013510		0.00013510		2	n7	n8	12	12
tr_47 0.01348685		0.01348685		4	n1	n4	1	1
tr_47 0.00055370		0.00055370		2	n1	n2	2	2
tr_47 0.00761942		0.00761942		2	n3	n4	5	5
tr_47 0.06482340		0.06482340		4	n5	n8	8	8
tr_47 0.00380300		0.00380300		2	n5	n6	9	9
tr_47 0.00001113		0.00001113		2	n7	n8	12	12
tr_48 0.00022083		0.00022083		4	n1	n4	1	1
tr_48 0.00001608		0.00001608		2	n1	n2	2	2
tr_48 0.00169928		0.00169928		2	n3	n4	5	5
tr_48 0.00007766		0.00007766		4	n5	n8	8	8
tr_48 0.00190748		0.00190748		2	n5	n6	9	9
tr_48 0.08401492		0.08401492		2	n7	n8	12	12
tr_49 0.02261608		0.02261608		4	n1	n4	1	1
tr_49 0.01592825		0.01592825		2	n1	n2	2	2
tr_49 0.11263296		0.11263296		2	n3	n4	5	5
tr_49 0.01163854		0.01163854		4	n5	n8	8	8
tr_49 0.00002003		0.00002003		2	n5	n6	9	9
tr_49 0.03255255		0.03255255		2	n7	n8	12	12
tr_5 0.00277976		0.00277976		4	n1	n4	1	1
tr_5 0.00558816		0.00558816		2	n1	n2	2	2
tr_5 0.00002170		0.00002170		2	n3	n4	5	5
tr_5 0.03977622		0.03977622		4	n5	n8	8	8
tr_5 0.03624185		0.03624185		2	n5	n6	9	9
tr_5 0.00004219		0.00004219		2	n7	n8	12	12
tr_50 0.01522915		0.01522915		4	n1	n4	1	1
tr_50 0.00018852		0.00018852		2	n1	n2	2	2
tr_50 0.01050866		0.01050866		2	n3	n4	5	5
tr_50 0.00125652		0.00125652		4	n5	n8	8	8
tr_50 0.00033741		0.00033741		2	n5	n6	9	9
tr_50 0.00462949		0.00462949		2	n7	n8	12	12
tr_51 0.00007653		0.00007653		4	n1	n4	1	1
tr_51 0.00528350		0.00528350		2	n1	n2	2	2
tr_51 0.00001714		0.00001714		2	n3	n4	5	5
tr_51 0.01641742		0.01641742		4	n5	n8	8	8
tr_51 0.04182795		0.04182795		2	n5	n6	9	9
tr_51 0.09189564		0.09189564		2	n7	n8	12	12
tr_52 0.00200513		0.00200513		4	n1	n4	1	1
tr_52 0.00001535		0.00001535		2	n1	n2	2	2
tr_52 0.08086831		0.08086831		2	n3	n4	5	5
tr_52 0.00008351		0.00008351		4	n5	n8	8	8
tr_52 0.00007039		0.00007039		2	n5	n6	9	9
tr_52 0.00005996		0.00005996		2	n7	n8	12	12
tr_53 0.00410794		0.00410794		4	n1	n4	1	1
tr_53 0.00005329		0.00005329		2	n1	n2	2	2
tr_53 0.00164480		0.00164480		2	n3	n4	5	5
tr_53 0.00723503		0.00723503		4	n5	n8	8	8
tr_53 0.02224594		0.02224594		2	n5	n6	9	9
tr_53 0.00014780		0.00014780		2	n7	n8	12	12
tr_54 0.00376016		0.00376016		4	n1	n4	1	1
tr_54 0.00037587		0.00037587		2	n1	n2	2	2
tr_54 0.02109857		0.02109857		2	n3	n4	5	5
tr_54 0.01059709		0.01059709		4	n5	n8	8	8
tr_54 0.06041615		0.06041615		2	n5	n6	9	9
tr_54 0.00022072		0.00022072		2	n7	n8	12	12
tr_55 0.00049734		0.00049734		4	n1	n4	1	1
tr_55 0.00404451		0.00404451		2	n1	n2	2	2
tr_55 0.00018686		0.00018686		2	n3	n4	5	5
tr_55 0.00031264		0.00031264		4	n5	n8	8	8
tr_55 0.02575509		0.02575509		2	n5	n6	9	9
tr_55 0.00023857		0.00023857		2	n7	n8	12	12
tr_56 0.02277248		0.02277248		4	n1	n4	1	1
tr_56 0.02388143		0.02388143		2	n1	n2	2	2
tr_56 0.02179110		0.02179110		2	n3	n4	5	5
tr_56 0.00002845		0.00002845		4	n5	n8	8	8
tr_56 0.00049250		0.00049250		2	n5	n6	9	9
tr_56 0.00087559		0.00087559		2	n7	n8	12	12
tr_57 0.00032425		0.00032425		4	n1	n4	1	1
tr_57 0.00001535		0.00001535		2	n1	n2	2	2
tr_57 0.00006631		0.00006631		2	n3	n4	5	5
tr_57 0.00010571		0.00010571		4	n5	n8	8	8
tr_57 0.01048938		0.01048938		2	n5	n6	9	9
tr_57 0.09823864		0.09823864		2	n7	n8	12	12
tr_58 0.02560929		0.02560929		4	n1	n4	1	1
tr_58 0.01026491		0.01026491		2	n1	n2	2	2
tr_58 0.00003886		0.00003886		2	n3	n4	5	5
tr_58 0.06407791		0.06407791		4	n5	n8	8	8
tr_58 0.00022793		0.00022793		2	n5	n6	9	9
tr_58 0.08249534		0.08249534		2	n7	n8	12	12
tr_59 0.00144101		0.00144101		4	n1	n4	1	1
tr_59 0.11267020		0.11267020		2	n1	n2	2	2
tr_59 0.00067958		0.00067958		2	n3	n4	5	5
tr_59 0.00100468		0.00100468		4	n5	n8	8	8
tr_59 0.01527521		0.01527521		2	n5	n6	9	9
tr_59 0.07563905		0.07563905		2	n7	n8	12	12
tr_6 0.00005960		0.00005960		4	n1	n4	1	1
tr_6 0.00018759		0.00018759		2	n1	n2	2	2
tr_6 0.00011506		0.00011506		2	n3	n4	5	5
tr_6 0.00060567		0.00060567		4	n5	n8	8	8
tr_6 0.00391140		0.00391140		2	n5	n6	9	9
tr_6 0.00098330		0.00098330		2	n7	n8	12	12
tr_60 0.01076087		0.01076087		4	n1	n4	1	1
tr_60 0.00116452		0.00116452		2	n1	n2	2	2
tr_60 0.00117210		0.00117210		2	n3	n4	5	5
tr_60 0.00517586		0.00517586		4	n5	n8	8	8
tr_60 0.00002757		0.00002757		2	n5	n6	9	9
tr_60 0.00960325		0.00960325		2	n7	n8	12	12
tr_61 0.00050591		0.00050591		4	n1	n4	1	1
tr_61 0.00021320		0.00021320		2	n1	n2	2	2
tr_61 0.04500281		0.04500281		2	n3	n4	5	5
tr_61 0.01991242		0.01991242		4	n5	n8	8	8
tr_61 0.05983620		0.05983620		2	n5	n6	9	9
tr_61 0.05173773		0.05173773		2	n7	n8	12	12
tr_62 0.06575868		0.06575868		4	n1	n4	1	1
tr_62 0.00139763		0.00139763		2	n1	n2	2	2
tr_62 0.00028665		0.00028665		2	n3	n4	5	5
tr_62 0.00026324		0.00026324		4	n5	n8	8	8
tr_62 0.00264059		0.00264059		2	n5	n6	9	9
tr_62 0.00012748		0.00012748		2	n7	n8	12	12
tr_63 0.02891814		0.02891814		4	n1	n4	1	1
tr_63 0.00049811		0.00049811		2	n1	n2	2	2
tr_63 0.00946796		0.00946796		2	n3	n4	5	5
tr_63 0.00291900		0.00291900		4	n5	n8	8	8
tr_63 0.05650814		0.05650814		2	n5	n6	9	9
tr_63 0.00771117		0.00771117		2	n7	n8	12	12
tr_64 0.00007798		0.00007798		4	n1	n4	1	1
tr_64 0.11943393		0.11943393		2	n1	n2	2	2
tr_64 0.00002750		0.00002750		2	n3	n4	5	5
tr_64 0.00062496		0.00062496		4	n5	n8	8	8
tr_64 0.00056922		0.00056922		2	n5	n6	9	9
tr_64 0.00001193		0.00001193		2	n7	n8	12	12
tr_65 0.00001366		0.00001366		4	n1	n4	1	1
tr_65 0.00149994		0.00149994		2	n1	n2	2	2
tr_65 0.03334934		0.03334934		2	n3	n4	5	5
tr_65 0.00094829		0.00094829		4	n5	n8	8	8
tr_65 0.00077846		0.00077846		2	n5	n6	9	9
tr_65 0.00001317		0.00001317		2	n7	n8	12	12
tr_66 0.00538276		0.00538276		4	n1	n4	1	1
tr_66 0.00323769		0.00323769		2	n1	n2	2	2
tr_66 0.02320997		0.02320997		2	n3	n4	5	5
tr_66 0.00004922		0.00004922		4	n5	n8	8	8
tr_66 0.00006543		0.00006543		2	n5	n6	9	9
tr_66 0.03021287		0.03021287		2	n7	n8	12	12
tr_67 0.00157641		0.00157641		4	n1	n4	1	1
tr_67 0.00002825		0.00002825		2	n1	n2	2	2
tr_67 0.00501184		0.00501184		2	n3	n4	5	5
tr_67 0.00012474		0.00012474		4	n5	n8	8	8
tr_67 0.02190395		0.02190395		2	n5	n6	9	9
tr_67 0.00525545		0.00525545		2	n7	n8	12	12
tr_68 0.00007838		0.00007838		4	n1	n4	1	1
tr_68 0.06015664		0.06015664		2	n1	n2	2	2
tr_68 0.00605895		0.00605895		2	n3	n4	5	5
tr_68 0.01591521		0.01591521		4	n5	n8	8	8
tr_68 0.00790103		0.00790103		2	n5	n6	9	9
tr_68 0.03918461		0.03918461		2	n7	n8	12	12
tr_69 0.00002301		0.00002301		4	n1	n4	1	1
tr_69 0.00143333		0.00143333		2	n1	n2	2	2
tr_69 0.00001169		0.00001169		2	n3	n4	5	5
tr_69 0.00003995		0.00003995		4	n5	n8	8	8
tr_69 0.00022779		0.00022779		2	n5	n6	9	9
tr_69 0.00039423		0.00039423		2	n7	n8	12	12
tr_7 0.00021881		0.00021881		4	n1	n4	1	1
tr_7 0.00088466		0.00088466		2	n1	n2	2	2
tr_7 0.00015134		0.00015134		2	n3	n4	5	5
tr_7 0.00781305		0.00781305		4	n5	n8	8	8
tr_7 0.00001219		0.00001219		2	n5	n6	9	9
tr_7 0.00001051		0.00001051		2	n7	n8	12	12
tr_70 0.00576369		0.00576369		4	n1	n4	1	1
tr_70 0.00301612		0.00301612		2	n1	n2	2	2
tr_70 0.00043183		0.00043183		2	n3	n4	5	5
tr_70 0.00004671		0.00004671		4	n5	n8	8	8
tr_70 0.00004206		0.00004206		2	n5	n6	9	9
tr_70 0.00003320		0.00003320		2	n7	n8	12	12
tr_71 0.00002496		0.00002496		4	n1	n4	1	1
tr_71 0.00330566		0.00330566		2	n1	n2	2	2
tr_71 0.02984301		0.02984301		2	n3	n4	5	5
tr_71 0.00003398		0.00003398		4	n5	n8	8	8
tr_71 0.06650196		0.06650196		2	n5	n6	9	9
tr_71 0.00961495		0.00961495		2	n7	n8	12	12
tr_72 0.05208462		0.05208462		4	n1	n4	1	1
tr_72 0.00003186		0.00003186		2	n1	n2	2	2
tr_72 0.09599812		0.09599812		2	n3	n4	5	5
tr_72 0.00001569		0.00001569		4	n5	n8	8	8
tr_72 0.00005015		0.00005015		2	n5	n6	9	9
tr_72 0.00004952		0.00004952		2	n7	n8	12	12
tr_73 0.00010002		0.00010002		4	n1	n4	1	1
tr_73 0.00002119		0.00002119		2	n1	n2	2	2
tr_73 0.02070142		0.02070142		2	n3	n4	5	5
tr_73 0.00837957		0.00837957		4	n5	n8	8	8
tr_73 0.00073882		0.00073882		2	n5	n6	9	9
tr_73 0.00567386		0.00567386		2	n7	n8	12	12
tr_74 0.00074544		0.00074544		4	n1	n4	1	1
tr_74 0.00001963		0.00001963		2	n1	n2	2	2
tr_74 0.00001616		0.00001616		2	n3	n4	5	5
tr_74 0.00155907		0.00155907		4	n5	n8	8	8
tr_74 0.00003333		0.00003333		2	n5	n6	9	9
tr_74 0.09295816		0.09295816		2	n7	n8	12	12
tr_75 0.00014583		0.00014583		4	n1	n4	1	1
tr_75 0.00046697		0.00046697		2	n1	n2	2	2
tr_75 0.00885000		0.00885000		2	n3	n4	5	5
tr_75 0.00005003		0.00005003		4	n5	n8	8	8
tr_75 0.00897046		0.00897046		2	n5	n6	9	9
tr_75 0.00218595		0.00218595		2	n7	n8	12	12
tr_76 0.10165873		0.10165873		4	n1	n4	1	1
tr_76 0.00577554		0.00577554		2	n1	n2	2	2
tr_76 0.01674867		0.01674867		2	n3	n4	5	5
tr_76 0.00076923		0.00076923		4	n5	n8	8	8
tr_76 0.00094132		0.00094132		2	n5	n6	9	9
tr_76 0.02015060		0.02015060		2	n7	n8	12	12
tr_77 0.00067433		0.00067433		4	n1	n4	1	1
tr_77 0.00141601		0.00141601		2	n1	n2	2	2
tr_77 0.00036822		0.00036822		2	n3	n4	5	5
tr_77 0.05884601		0.05884601		4	n5	n8	8	8
tr_77 0.03389232		0.03389232		2	n5	n6	9	9
tr_77 0.01949122		0.01949122		2	n7	n8	12	12
tr_78 0.00003681		0.00003681		4	n1	n4	1	1
tr_78 0.00003327		0.00003327		2	n1	n2	2	2
tr_78 0.00017288		0.00017288		2	n3	n4	5	5
tr_78 0.00001447		0.00001447		4	n5	n8	8	8
tr_78 0.00912363		0.00912363		2	n5	n6	9	9
tr_78 0.00003742		0.00003742		2	n7	n8	12	12
tr_79 0.00131216		0.00131216		4	n1	n4	1	1
tr_79 0.00701631		0.00701631		2	n1	n2	2	2
tr_79 0.07697712		0.07697712		2	n3	n4	5	5
tr_79 0.00608441		0.00608441		4	n5	n8	8	8
tr_79 0.00288249		0.00288249		2	n5	n6	9	9
tr_79 0.08676657		0.08676657		2	n7	n8	12	12
tr_8 0.00002726		0.00002726		4	n1	n4	1	1
tr_8 0.00004078		0.00004078		2	n1	n2	2	2
tr_8 0.00518868		0.00518868		2	n3	n4	5	5
tr_8 0.00078974		0.00078974		4	n5	n8	8	8
tr_8 0.01263775		0.01263775		2	n5	n6	9	9
tr_8 0.11736648		0.11736648		2	n7	n8	12	12
tr_80 0.00034415		0.00034415		4	n1	n4	1	1
tr_80 0.00025144		0.00025144		2	n1	n2	2	2
tr_80 0.09916141		0.09916141		2	n3	n4	5	5
tr_80 0.02734956		0.02734956		4	n5	n8	8	8
tr_80 0.00024892		0.00024892		2	n5	n6	9	9
tr_80 0.00020946		0.00020946		2	n7	n8	12	12
tr_81 0.03860239		0.03860239		4	n1	n4	1	1
tr_81 0.00098302		0.00098302		2	n1	n2	2	2
tr_81 0.00838816		0.00838816		2	n3	n4	5	5
tr_81 0.00041827		0.00041827		4	n5	n8	8	8
tr_81 0.02109608		0.02109608		2	n5	n6	9	9
tr_81 0.00039365		0.00039365		2	n7	n8	12	12
tr_82 0.00004561		0.00004561		4	n1	n4	1	1
tr_82 0.00002444		0.00002444		2	n1	n2	2	2
tr_82 0.00029031		0.00029031		2	n3	n4	5	5
tr_82 0.00026196		0.00026196		4	n5	n8	8	8
tr_82 0.00061523		0.00061523		2	n5	n6	9	9
tr_82 0.00204432		0.00204432		2	n7	n8	12	12
tr_83 0.00001265		0.00001265		4	n1	n4	1	1
tr_83 0.00030794		0.00030794		2	n1	n2	2	2
tr_83 0.01443792		0.01443792		2	n3	n4	5	5
tr_83 0.00013428		0.00013428		4	n5	n8	8	8
tr_83 0.04140099		0.04140099		2	n5	n6	9	9
tr_83 0.04721240		0.04721240		2	n7	n8	12	12
tr_84 0.01819722		0.01819722		4	n1	n4	1	1
tr_84 0.00015692		0.00015692		2	n1	n2	2	2
tr_84 0.00013409		0.00013409		2	n3	n4	5	5
tr_84 0.00181748		0.00181748		4	n5	n8	8	8
tr_84 0.00117930		0.00117930		2	n5	n6	9	9
tr_84 0.00276307		0.00276307		2	n7	n8	12	12
tr_85 0.00620591		0.00620591		4	n1	n4	1	1
tr_85 0.00082850		0.00082850		2	n1	n2	2	2
tr_85 0.00227519		0.00227519		2	n3	n4	5	5
tr_85 0.01931530		0.01931530		4	n5	n8	8	8
tr_85 0.00318195		0.00318195		2	n5	n6	9	9
tr_85 0.00005970		0.00005970		2	n7	n8	12	12
tr_86 0.00015738		0.00015738		4	n1	n4	1	1
tr_86 0.01360557		0.01360557		2	n1	n2	2	2
tr_86 0.00148893		0.00148893		2	n3	n4	5	5
tr_86 0.00052716		0.00052716		4	n5	n8	8	8
tr_86 0.01044907		0.01044907		2	n5	n6	9	9
tr_86 0.00002586		0.00002586		2	n7	n8	12	12
tr_87 0.00019143		0.00019143		4	n1	n4	1	1
tr_87 0.00015388		0.00015388		2	n1	n2	2	2
tr_87 0.00003534		0.00003534		2	n3	n4	5	5
tr_87 0.00003127		0.00003127		4	n5	n8	8	8
tr_87 0.01001801		0.01001801		2	n5	n6	9	9
tr_87 0.09703930		0.09703930		2	n7	n8	12	12
tr_88 0.00082362		0.00082362		4	n1	n4	1	1
tr_88 0.00006541		0.00006541		2	n1	n2	2	2
tr_88 0.00007465		0.00007465		2	n3	n4	5	5
tr_88 0.00038220		0.00038220		4	n5	n8	8	8
tr_88 0.01712857		0.01712857		2	n5	n6	9	9
tr_88 0.05278602		0.05278602		2	n7	n8	12	12
tr_89 0.07372830		0.07372830		4	n1	n4	1	1
tr_89 0.00158199		0.00158199		2	n1	n2	2	2
tr_89 0.00023805		0.00023805		2	n3	n4	5	5
tr_89 0.03671735		0.03671735		4	n5	n8	8	8
tr_89 0.00001266		0.00001266		2	n5	n6	9	9
tr_89 0.04282779		0.04282779		2	n7	n8	12	12
tr_9 0.03568157		0.03568157		4	n1	n4	1	1
tr_9 0.0249025797596		0.0249025797596		2	n1	n2	2	2
tr_9 0.00001356		0.00001356		2	n3	n4	5	5
tr_9 0.00391765		0.00391765		4	n5	n8	8	8
tr_9 0.05046226		0.05046226		2	n5	n6	9	9
tr_9 0.00433799		0.00433799		2	n7	n8	12	12
tr_90 0.00105101		0.00105101		4	n1	n4	1	1
tr_90 0.00515528		0.00515528		2	n1	n2	2	2
tr_90 0.00220607		0.00220607		2	n3	n4	5	5
tr_90 0.01344728		0.01344728		4	n5	n8	8	8
tr_90 0.00091481		0.00091481		2	n5	n6	9	9
tr_90 0.02856896		0.02856896		2	n7	n8	12	12
tr_91 0.00498113		0.00498113		4	n1	n4	1	1
tr_91 0.00008824		0.00008824		2	n1	n2	2	2
tr_91 0.00001567		0.00001567		2	n3	n4	5	5
tr_91 0.00172993		0.00172993		4	n5	n8	8	8
tr_91 0.00172544		0.00172544		2	n5	n6	9	9
tr_91 0.02690942		0.02690942		2	n7	n8	12	12
tr_92 0.00009504		0.00009504		4	n1	n4	1	1
tr_92 0.00219966		0.00219966		2	n1	n2	2	2
tr_92 0.00007886		0.00007886		2	n3	n4	5	5
tr_92 0.00005779		0.00005779		4	n5	n8	8	8
tr_92 0.00024040		0.00024040		2	n5	n6	9	9
tr_92 0.03605283		0.03605283		2	n7	n8	12	12
tr_93 0.00001010		0.00001010		4	n1	n4	1	1
tr_93 0.00002091		0.00002091		2	n1	n2	2	2
tr_93 0.03016834		0.03016834		2	n3	n4	5	5
tr_93 0.00092585		0.00092585		4	n5	n8	8	8
tr_93 0.01916741		0.01916741		2	n5	n6	9	9
tr_93 0.00083154		0.00083154		2	n7	n8	12	12
tr_94 0.00071417		0.00071417		4	n1	n4	1	1
tr_94 0.00014115		0.00014115		2	n1	n2	2	2
tr_94 0.00020619		0.00020619		2	n3	n4	5	5
tr_94 0.04762313		0.04762313		4	n5	n8	8	8
tr_94 0.00003705		0.00003705		2	n5	n6	9	9
tr_94 0.00002423		0.00002423		2	n7	n8	12	12
tr_95 0.00774866		0.00774866		4	n1	n4	1	1
tr_95 0.00781893		0.00781893		2	n1	n2	2	2
tr_95 0.00373148		0.00373148		2	n3	n4	5	5
tr_95 0.02128509		0.02128509		4	n5	n8	8	8
tr_95 0.00091897		0.00091897		2	n5	n6	9	9
tr_95 0.00011931		0.00011931		2	n7	n8	12	12
tr_96 0.00033814		0.00033814		4	n1	n4	1	1
tr_96 0.00264401		0.00264401		2	n1	n2	2	2
tr_96 0.00034210		0.00034210		2	n3	n4	5	5
tr_96 0.02896806		0.02896806		4	n5	n8	8	8
tr_96 0.00024764		0.00024764		2	n5	n6	9	9
tr_96 0.01529122		0.01529122		2	n7	n8	12	12
tr_97 0.00007079		0.00007079		4	n1	n4	1	1
tr_97 0.00272906		0.00272906		2	n1	n2	2	2
tr_97 0.00061407		0.00061407		2	n3	n4	5	5
tr_97 0.00002754		0.00002754		4	n5	n8	8	8
tr_97 0.03929831		0.03929831		2	n5	n6	9	9
tr_97 0.00216358		0.00216358		2	n7	n8	12	12
tr_98 0.00006361		0.00006361		4	n1	n4	1	1
tr_98 0.00010937		0.00010937		2	n1	n2	2	2
tr_98 0.01376416		0.01376416		2	n3	n4	5	5
tr_98 0.00008586		0.00008586		4	n5	n8	8	8
tr_98 0.02019951		0.02019951		2	n5	n6	9	9
tr_98 0.01821246		0.01821246		2	n7	n8	12	12
tr_99 0.01323081		0.01323081		4	n1	n4	1	1
tr_99 0.00035703		0.00035703		2	n1	n2	2	2
tr_99 0.03039866		0.03039866		2	n3	n4	5	5
tr_99 0.00015818		0.00015818		4	n5	n8	8	8
tr_99 0.01262695		0.01262695		2	n5	n6	9	9
tr_99 0.00002827		0.00002827		2	n7	n8	12	12
