tr_1 0.00002067		0.00002067		6	n3	n8	4	4
tr_1 0.00367510		0.00367510		5	n4	n8	6	6
tr_1 0.00002315		0.00002315		4	n5	n8	8	8
tr_1 0.00010820		0.00010820		3	n6	n8	10	10
tr_1 0.01622649		0.01622649		2	n7	n8	12	12
tr_10 0.00006117		0.00006117		6	n3	n8	4	4
tr_10 0.01065816		0.01065816		5	n4	n8	6	6
tr_10 0.00335888		0.00335888		4	n5	n8	8	8
tr_10 0.05162584		0.05162584		3	n6	n8	10	10
tr_10 0.00087620		0.00087620		2	n7	n8	12	12
tr_100 0.00052910		0.00052910		6	n3	n8	4	4
tr_100 0.00072598		0.00072598		5	n4	n8	6	6
tr_100 0.00077313		0.00077313		4	n5	n8	8	8
tr_100 0.00022425		0.00022425		3	n6	n8	10	10
tr_100 0.00775909		0.00775909		2	n7	n8	12	12
tr_101 0.00444417		0.00444417		6	n3	n8	4	4
tr_101 0.00460978		0.00460978		5	n4	n8	6	6
tr_101 0.00413608		0.00413608		4	n5	n8	8	8
tr_101 0.03139753		0.03139753		3	n6	n8	10	10
tr_101 0.00508581		0.00508581		2	n7	n8	12	12
tr_102 0.00103289		0.00103289		6	n3	n8	4	4
tr_102 0.00177937		0.00177937		5	n4	n8	6	6
tr_102 0.00001915		0.00001915		4	n5	n8	8	8
tr_102 0.00001094		0.00001094		3	n6	n8	10	10
tr_102 0.00011269		0.00011269		2	n7	n8	12	12
tr_103 0.00145380		0.00145380		6	n3	n8	4	4
tr_103 0.00004703		0.00004703		5	n4	n8	6	6
tr_103 0.00001215		0.00001215		4	n5	n8	8	8
tr_103 0.00021047		0.00021047		3	n6	n8	10	10
tr_103 0.01550136		0.01550136		2	n7	n8	12	12
tr_104 0.07388471		0.07388471		6	n3	n8	4	4
tr_104 0.00018170		0.00018170		5	n4	n8	6	6
tr_104 0.00041029		0.00041029		4	n5	n8	8	8
tr_104 0.10079407		0.10079407		3	n6	n8	10	10
tr_104 0.00758822		0.00758822		2	n7	n8	12	12
tr_105 0.00504170		0.00504170		6	n3	n8	4	4
tr_105 0.00001039		0.00001039		5	n4	n8	6	6
tr_105 0.07255622		0.07255622		4	n5	n8	8	8
tr_105 0.00010180		0.00010180		3	n6	n8	10	10
tr_105 0.00006194		0.00006194		2	n7	n8	12	12
tr_106 0.00032200		0.00032200		6	n3	n8	4	4
tr_106 0.09919831		0.09919831		5	n4	n8	6	6
tr_106 0.00009847		0.00009847		4	n5	n8	8	8
tr_106 0.00659455		0.00659455		3	n6	n8	10	10
tr_106 0.00019486		0.00019486		2	n7	n8	12	12
tr_107 0.03126510		0.03126510		6	n3	n8	4	4
tr_107 0.00001245		0.00001245		5	n4	n8	6	6
tr_107 0.00210129		0.00210129		4	n5	n8	8	8
tr_107 0.00002106		0.00002106		3	n6	n8	10	10
tr_107 0.00001271		0.00001271		2	n7	n8	12	12
tr_108 0.00722383		0.00722383		6	n3	n8	4	4
tr_108 0.00001465		0.00001465		5	n4	n8	6	6
tr_108 0.03982675		0.03982675		4	n5	n8	8	8
tr_108 0.09004613		0.09004613		3	n6	n8	10	10
tr_108 0.00481283		0.00481283		2	n7	n8	12	12
tr_109 0.00001924		0.00001924		6	n3	n8	4	4
tr_109 0.00006376		0.00006376		5	n4	n8	6	6
tr_109 0.00169007		0.00169007		4	n5	n8	8	8
tr_109 0.00282172		0.00282172		3	n6	n8	10	10
tr_109 0.00019903		0.00019903		2	n7	n8	12	12
tr_11 0.00001184		0.00001184		6	n3	n8	4	4
tr_11 0.00967663		0.00967663		5	n4	n8	6	6
tr_11 0.00069891		0.00069891		4	n5	n8	8	8
tr_11 0.00576946		0.00576946		3	n6	n8	10	10
tr_11 0.04325767		0.04325767		2	n7	n8	12	12
tr_110 0.00003538		0.00003538		6	n3	n8	4	4
tr_110 0.09302531		0.09302531		5	n4	n8	6	6
tr_110 0.00076238		0.00076238		4	n5	n8	8	8
tr_110 0.02084155		0.02084155		3	n6	n8	10	10
tr_110 0.01118472		0.01118472		2	n7	n8	12	12
tr_111 0.00031514		0.00031514		6	n3	n8	4	4
tr_111 0.00036440		0.00036440		5	n4	n8	6	6
tr_111 0.00021183		0.00021183		4	n5	n8	8	8
tr_111 0.09875229		0.09875229		3	n6	n8	10	10
tr_111 0.00001789		0.00001789		2	n7	n8	12	12
tr_112 0.00050001		0.00050001		6	n3	n8	4	4
tr_112 0.00009041		0.00009041		5	n4	n8	6	6
tr_112 0.00069341		0.00069341		4	n5	n8	8	8
tr_112 0.00159316		0.00159316		3	n6	n8	10	10
tr_112 0.00117912		0.00117912		2	n7	n8	12	12
tr_113 0.00043798		0.00043798		6	n3	n8	4	4
tr_113 0.03868020		0.03868020		5	n4	n8	6	6
tr_113 0.00010262		0.00010262		4	n5	n8	8	8
tr_113 0.00017098		0.00017098		3	n6	n8	10	10
tr_113 0.00039059		0.00039059		2	n7	n8	12	12
tr_114 0.00831206		0.00831206		6	n3	n8	4	4
tr_114 0.00007468		0.00007468		5	n4	n8	6	6
tr_114 0.00781573		0.00781573		4	n5	n8	8	8
tr_114 0.00321292		0.00321292		3	n6	n8	10	10
tr_114 0.00013059		0.00013059		2	n7	n8	12	12
tr_115 0.00001841		0.00001841		6	n3	n8	4	4
tr_115 0.00001828		0.00001828		5	n4	n8	6	6
tr_115 0.00005180		0.00005180		4	n5	n8	8	8
tr_115 0.00049423		0.00049423		3	n6	n8	10	10
tr_115 0.03951502		0.03951502		2	n7	n8	12	12
tr_116 0.03892574		0.03892574		6	n3	n8	4	4
tr_116 0.00002585		0.00002585		5	n4	n8	6	6
tr_116 0.00033946		0.00033946		4	n5	n8	8	8
tr_116 0.00103756		0.00103756		3	n6	n8	10	10
tr_116 0.00146404		0.00146404		2	n7	n8	12	12
tr_117 0.00070971		0.00070971		6	n3	n8	4	4
tr_117 0.00029471		0.00029471		5	n4	n8	6	6
tr_117 0.00025433		0.00025433		4	n5	n8	8	8
tr_117 0.00025886		0.00025886		3	n6	n8	10	10
tr_117 0.00003643		0.00003643		2	n7	n8	12	12
tr_118 0.00193350		0.00193350		6	n3	n8	4	4
tr_118 0.05889863		0.05889863		5	n4	n8	6	6
tr_118 0.00015503		0.00015503		4	n5	n8	8	8
tr_118 0.00014572		0.00014572		3	n6	n8	10	10
tr_118 0.00142179		0.00142179		2	n7	n8	12	12
tr_119 0.00455928		0.00455928		6	n3	n8	4	4
tr_119 0.04124028		0.04124028		5	n4	n8	6	6
tr_119 0.02158397		0.02158397		4	n5	n8	8	8
tr_119 0.04722623		0.04722623		3	n6	n8	10	10
tr_119 0.00006768		0.00006768		2	n7	n8	12	12
tr_12 0.00063146		0.00063146		6	n3	n8	4	4
tr_12 0.00962999		0.00962999		5	n4	n8	6	6
tr_12 0.03828978		0.03828978		4	n5	n8	8	8
tr_12 0.00249296		0.00249296		3	n6	n8	10	10
tr_12 0.00994578		0.00994578		2	n7	n8	12	12
tr_120 0.00010611		0.00010611		6	n3	n8	4	4
tr_120 0.04445076		0.04445076		5	n4	n8	6	6
tr_120 0.00063660		0.00063660		4	n5	n8	8	8
tr_120 0.00017757		0.00017757		3	n6	n8	10	10
tr_120 0.00230782		0.00230782		2	n7	n8	12	12
tr_13 0.00046030		0.00046030		6	n3	n8	4	4
tr_13 0.00019389		0.00019389		5	n4	n8	6	6
tr_13 0.00032621		0.00032621		4	n5	n8	8	8
tr_13 0.00097334		0.00097334		3	n6	n8	10	10
tr_13 0.00811661		0.00811661		2	n7	n8	12	12
tr_14 0.00001733		0.00001733		6	n3	n8	4	4
tr_14 0.02762580		0.02762580		5	n4	n8	6	6
tr_14 0.08085557		0.08085557		4	n5	n8	8	8
tr_14 0.00284734		0.00284734		3	n6	n8	10	10
tr_14 0.01103067		0.01103067		2	n7	n8	12	12
tr_15 0.06953410		0.06953410		6	n3	n8	4	4
tr_15 0.00005130		0.00005130		5	n4	n8	6	6
tr_15 0.00960197		0.00960197		4	n5	n8	8	8
tr_15 0.00319112		0.00319112		3	n6	n8	10	10
tr_15 0.00018550		0.00018550		2	n7	n8	12	12
tr_16 0.00852768		0.00852768		6	n3	n8	4	4
tr_16 0.00002977		0.00002977		5	n4	n8	6	6
tr_16 0.00126237		0.00126237		4	n5	n8	8	8
tr_16 0.00229784		0.00229784		3	n6	n8	10	10
tr_16 0.00187754		0.00187754		2	n7	n8	12	12
tr_17 0.00009769		0.00009769		6	n3	n8	4	4
tr_17 0.00011096		0.00011096		5	n4	n8	6	6
tr_17 0.00024876		0.00024876		4	n5	n8	8	8
tr_17 0.00040307		0.00040307		3	n6	n8	10	10
tr_17 0.00002783		0.00002783		2	n7	n8	12	12
tr_18 0.00002088		0.00002088		6	n3	n8	4	4
tr_18 0.00671842		0.00671842		5	n4	n8	6	6
tr_18 0.00018738		0.00018738		4	n5	n8	8	8
tr_18 0.00175968		0.00175968		3	n6	n8	10	10
tr_18 0.00527614		0.00527614		2	n7	n8	12	12
tr_19 0.00132508		0.00132508		6	n3	n8	4	4
tr_19 0.00586365		0.00586365		5	n4	n8	6	6
tr_19 0.06820983		0.06820983		4	n5	n8	8	8
tr_19 0.00338341		0.00338341		3	n6	n8	10	10
tr_19 0.08883909		0.08883909		2	n7	n8	12	12
tr_2 0.00055504		0.00055504		6	n3	n8	4	4
tr_2 0.00004014		0.00004014		5	n4	n8	6	6
tr_2 0.00011700		0.00011700		4	n5	n8	8	8
tr_2 0.00239224		0.00239224		3	n6	n8	10	10
tr_2 0.00012856		0.00012856		2	n7	n8	12	12
tr_20 0.00004058		0.00004058		6	n3	n8	4	4
tr_20 0.00525071		0.00525071		5	n4	n8	6	6
tr_20 0.00002374		0.00002374		4	n5	n8	8	8
tr_20 0.00609664		0.00609664		3	n6	n8	10	10
tr_20 0.01513531		0.01513531		2	n7	n8	12	12
tr_21 0.05189214		0.05189214		6	n3	n8	4	4
tr_21 0.01800468		0.01800468		5	n4	n8	6	6
tr_21 0.00141606		0.00141606		4	n5	n8	8	8
tr_21 0.01985869		0.01985869		3	n6	n8	10	10
tr_21 0.07186343		0.07186343		2	n7	n8	12	12
tr_22 0.00062508		0.00062508		6	n3	n8	4	4
tr_22 0.00040136		0.00040136		5	n4	n8	6	6
tr_22 0.00001265		0.00001265		4	n5	n8	8	8
tr_22 0.00001494		0.00001494		3	n6	n8	10	10
tr_22 0.00017233		0.00017233		2	n7	n8	12	12
tr_23 0.00038013		0.00038013		6	n3	n8	4	4
tr_23 0.00178937		0.00178937		5	n4	n8	6	6
tr_23 0.02551459		0.02551459		4	n5	n8	8	8
tr_23 0.00004634		0.00004634		3	n6	n8	10	10
tr_23 0.00285076		0.00285076		2	n7	n8	12	12
tr_24 0.00266821		0.00266821		6	n3	n8	4	4
tr_24 0.01355578		0.01355578		5	n4	n8	6	6
tr_24 0.00248974		0.00248974		4	n5	n8	8	8
tr_24 0.00006119		0.00006119		3	n6	n8	10	10
tr_24 0.00006461		0.00006461		2	n7	n8	12	12
tr_25 0.00029913		0.00029913		6	n3	n8	4	4
tr_25 0.05624046		0.05624046		5	n4	n8	6	6
tr_25 0.00388286		0.00388286		4	n5	n8	8	8
tr_25 0.00047354		0.00047354		3	n6	n8	10	10
tr_25 0.00001075		0.00001075		2	n7	n8	12	12
tr_26 0.00513858		0.00513858		6	n3	n8	4	4
tr_26 0.09203163		0.09203163		5	n4	n8	6	6
tr_26 0.00004117		0.00004117		4	n5	n8	8	8
tr_26 0.00012829		0.00012829		3	n6	n8	10	10
tr_26 0.00002922		0.00002922		2	n7	n8	12	12
tr_27 0.00423430		0.00423430		6	n3	n8	4	4
tr_27 0.09696867		0.09696867		5	n4	n8	6	6
tr_27 0.00034258		0.00034258		4	n5	n8	8	8
tr_27 0.00011867		0.00011867		3	n6	n8	10	10
tr_27 0.00012157		0.00012157		2	n7	n8	12	12
tr_28 0.00067521		0.00067521		6	n3	n8	4	4
tr_28 0.00687847		0.00687847		5	n4	n8	6	6
tr_28 0.00001861		0.00001861		4	n5	n8	8	8
tr_28 0.00104641		0.00104641		3	n6	n8	10	10
tr_28 0.00507014		0.00507014		2	n7	n8	12	12
tr_29 0.00356662		0.00356662		6	n3	n8	4	4
tr_29 0.00001501		0.00001501		5	n4	n8	6	6
tr_29 0.00023375		0.00023375		4	n5	n8	8	8
tr_29 0.00086964		0.00086964		3	n6	n8	10	10
tr_29 0.00126252		0.00126252		2	n7	n8	12	12
tr_3 0.00010651		0.00010651		6	n3	n8	4	4
tr_3 0.00026236		0.00026236		5	n4	n8	6	6
tr_3 0.00090523		0.00090523		4	n5	n8	8	8
tr_3 0.00032373		0.00032373		3	n6	n8	10	10
tr_3 0.01151458		0.01151458		2	n7	n8	12	12
tr_30 0.00001967		0.00001967		6	n3	n8	4	4
tr_30 0.01367418		0.01367418		5	n4	n8	6	6
tr_30 0.02831902		0.02831902		4	n5	n8	8	8
tr_30 0.00005499		0.00005499		3	n6	n8	10	10
tr_30 0.00013466		0.00013466		2	n7	n8	12	12
tr_31 0.00206813		0.00206813		6	n3	n8	4	4
tr_31 0.01255926		0.01255926		5	n4	n8	6	6
tr_31 0.00002002		0.00002002		4	n5	n8	8	8
tr_31 0.10028853		0.10028853		3	n6	n8	10	10
tr_31 0.06461126		0.06461126		2	n7	n8	12	12
tr_32 0.00001402		0.00001402		6	n3	n8	4	4
tr_32 0.00075278		0.00075278		5	n4	n8	6	6
tr_32 0.00178144		0.00178144		4	n5	n8	8	8
tr_32 0.00003154		0.00003154		3	n6	n8	10	10
tr_32 0.01075476		0.01075476		2	n7	n8	12	12
tr_33 0.00004826		0.00004826		6	n3	n8	4	4
tr_33 0.00010898		0.00010898		5	n4	n8	6	6
tr_33 0.00024167		0.00024167		4	n5	n8	8	8
tr_33 0.00030379		0.00030379		3	n6	n8	10	10
tr_33 0.00034611		0.00034611		2	n7	n8	12	12
tr_34 0.02736522		0.02736522		6	n3	n8	4	4
tr_34 0.00150304		0.00150304		5	n4	n8	6	6
tr_34 0.08962198		0.08962198		4	n5	n8	8	8
tr_34 0.00001778		0.00001778		3	n6	n8	10	10
tr_34 0.00069020		0.00069020		2	n7	n8	12	12
tr_35 0.00558689		0.00558689		6	n3	n8	4	4
tr_35 0.00134330		0.00134330		5	n4	n8	6	6
tr_35 0.00128935		0.00128935		4	n5	n8	8	8
tr_35 0.00209604		0.00209604		3	n6	n8	10	10
tr_35 0.00159581		0.00159581		2	n7	n8	12	12
tr_36 0.00405855		0.00405855		6	n3	n8	4	4
tr_36 0.00109515		0.00109515		5	n4	n8	6	6
tr_36 0.00656794		0.00656794		4	n5	n8	8	8
tr_36 0.00026508		0.00026508		3	n6	n8	10	10
tr_36 0.00567094		0.00567094		2	n7	n8	12	12
tr_37 0.00403454		0.00403454		6	n3	n8	4	4
tr_37 0.01772966		0.01772966		5	n4	n8	6	6
tr_37 0.00008994		0.00008994		4	n5	n8	8	8
tr_37 0.00080604		0.00080604		3	n6	n8	10	10
tr_37 0.00016842		0.00016842		2	n7	n8	12	12
tr_38 0.02907022		0.02907022		6	n3	n8	4	4
tr_38 0.10264962		0.10264962		5	n4	n8	6	6
tr_38 0.00221008		0.00221008		4	n5	n8	8	8
tr_38 0.00020819		0.00020819		3	n6	n8	10	10
tr_38 0.07121405		0.07121405		2	n7	n8	12	12
tr_39 0.00008391		0.00008391		6	n3	n8	4	4
tr_39 0.05318592		0.05318592		5	n4	n8	6	6
tr_39 0.00028905		0.00028905		4	n5	n8	8	8
tr_39 0.00335930		0.00335930		3	n6	n8	10	10
tr_39 0.00010966		0.00010966		2	n7	n8	12	12
tr_4 0.00007939		0.00007939		6	n3	n8	4	4
tr_4 0.00417816		0.00417816		5	n4	n8	6	6
tr_4 0.00358729		0.00358729		4	n5	n8	8	8
tr_4 0.00217768		0.00217768		3	n6	n8	10	10
tr_4 0.00021905		0.00021905		2	n7	n8	12	12
tr_40 0.00019306		0.00019306		6	n3	n8	4	4
tr_40 0.00200235		0.00200235		5	n4	n8	6	6
tr_40 0.01965401		0.01965401		4	n5	n8	8	8
tr_40 0.00016027		0.00016027		3	n6	n8	10	10
tr_40 0.00434772		0.00434772		2	n7	n8	12	12
tr_41 0.00059579		0.00059579		6	n3	n8	4	4
tr_41 0.00003127		0.00003127		5	n4	n8	6	6
tr_41 0.00270787		0.00270787		4	n5	n8	8	8
tr_41 0.00003208		0.00003208		3	n6	n8	10	10
tr_41 0.00013156		0.00013156		2	n7	n8	12	12
tr_42 0.06131997		0.06131997		6	n3	n8	4	4
tr_42 0.00001038		0.00001038		5	n4	n8	6	6
tr_42 0.00044121		0.00044121		4	n5	n8	8	8
tr_42 0.00001291		0.00001291		3	n6	n8	10	10
tr_42 0.00024940		0.00024940		2	n7	n8	12	12
tr_43 0.00477436		0.00477436		6	n3	n8	4	4
tr_43 0.00021588		0.00021588		5	n4	n8	6	6
tr_43 0.00743413		0.00743413		4	n5	n8	8	8
tr_43 0.00723393		0.00723393		3	n6	n8	10	10
tr_43 0.00005526		0.00005526		2	n7	n8	12	12
tr_44 0.00118274		0.00118274		6	n3	n8	4	4
tr_44 0.00308213		0.00308213		5	n4	n8	6	6
tr_44 0.00333551		0.00333551		4	n5	n8	8	8
tr_44 0.00063786		0.00063786		3	n6	n8	10	10
tr_44 0.00069045		0.00069045		2	n7	n8	12	12
tr_45 0.00068724		0.00068724		6	n3	n8	4	4
tr_45 0.00139039		0.00139039		5	n4	n8	6	6
tr_45 0.00001506		0.00001506		4	n5	n8	8	8
tr_45 0.00335039		0.00335039		3	n6	n8	10	10
tr_45 0.00001072		0.00001072		2	n7	n8	12	12
tr_46 0.00395999		0.00395999		6	n3	n8	4	4
tr_46 0.00017567		0.00017567		5	n4	n8	6	6
tr_46 0.02487301		0.02487301		4	n5	n8	8	8
tr_46 0.00207083		0.00207083		3	n6	n8	10	10
tr_46 0.00166655		0.00166655		2	n7	n8	12	12
tr_47 0.00034059		0.00034059		6	n3	n8	4	4
tr_47 0.00123698		0.00123698		5	n4	n8	6	6
tr_47 0.02314796		0.02314796		4	n5	n8	8	8
tr_47 0.00003165		0.00003165		3	n6	n8	10	10
tr_47 0.00001741		0.00001741		2	n7	n8	12	12
tr_48 0.00615943		0.00615943		6	n3	n8	4	4
tr_48 0.00001175		0.00001175		5	n4	n8	6	6
tr_48 0.00016047		0.00016047		4	n5	n8	8	8
tr_48 0.00007501		0.00007501		3	n6	n8	10	10
tr_48 0.00054797		0.00054797		2	n7	n8	12	12
tr_49 0.06685168		0.06685168		6	n3	n8	4	4
tr_49 0.00323907		0.00323907		5	n4	n8	6	6
tr_49 0.09532608		0.09532608		4	n5	n8	8	8
tr_49 0.01446886		0.01446886		3	n6	n8	10	10
tr_49 0.00038026		0.00038026		2	n7	n8	12	12
tr_5 0.03517618		0.03517618		6	n3	n8	4	4
tr_5 0.00079648		0.00079648		5	n4	n8	6	6
tr_5 0.00008481		0.00008481		4	n5	n8	8	8
tr_5 0.00252791		0.00252791		3	n6	n8	10	10
tr_5 0.02600159		0.02600159		2	n7	n8	12	12
tr_50 0.00055432		0.00055432		6	n3	n8	4	4
tr_50 0.07643600		0.07643600		5	n4	n8	6	6
tr_50 0.00005249		0.00005249		4	n5	n8	8	8
tr_50 0.00001180		0.00001180		3	n6	n8	10	10
tr_50 0.00015431		0.00015431		2	n7	n8	12	12
tr_51 0.00001524		0.00001524		6	n3	n8	4	4
tr_51 0.00202879		0.00202879		5	n4	n8	6	6
tr_51 0.06177693		0.06177693		4	n5	n8	8	8
tr_51 0.00024450		0.00024450		3	n6	n8	10	10
tr_51 0.00753591		0.00753591		2	n7	n8	12	12
tr_52 0.00016126		0.00016126		6	n3	n8	4	4
tr_52 0.00741251		0.00741251		5	n4	n8	6	6
tr_52 0.05039697		0.05039697		4	n5	n8	8	8
tr_52 0.00001199		0.00001199		3	n6	n8	10	10
tr_52 0.01635391		0.01635391		2	n7	n8	12	12
tr_53 0.00126696		0.00126696		6	n3	n8	4	4
tr_53 0.04554455		0.04554455		5	n4	n8	6	6
tr_53 0.05000307		0.05000307		4	n5	n8	8	8
tr_53 0.00012699		0.00012699		3	n6	n8	10	10
tr_53 0.00797097		0.00797097		2	n7	n8	12	12
tr_54 0.03903855		0.03903855		6	n3	n8	4	4
tr_54 0.05193415		0.05193415		5	n4	n8	6	6
tr_54 0.00718074		0.00718074		4	n5	n8	8	8
tr_54 0.00001274		0.00001274		3	n6	n8	10	10
tr_54 0.00001069		0.00001069		2	n7	n8	12	12
tr_55 0.00080045		0.00080045		6	n3	n8	4	4
tr_55 0.00012605		0.00012605		5	n4	n8	6	6
tr_55 0.00067805		0.00067805		4	n5	n8	8	8
tr_55 0.03344252		0.03344252		3	n6	n8	10	10
tr_55 0.05988400		0.05988400		2	n7	n8	12	12
tr_56 0.09740235		0.09740235		6	n3	n8	4	4
tr_56 0.00777114		0.00777114		5	n4	n8	6	6
tr_56 0.00035129		0.00035129		4	n5	n8	8	8
tr_56 0.00071620		0.00071620		3	n6	n8	10	10
tr_56 0.00008012		0.00008012		2	n7	n8	12	12
tr_57 0.00074639		0.00074639		6	n3	n8	4	4
tr_57 0.00049434		0.00049434		5	n4	n8	6	6
tr_57 0.00001721		0.00001721		4	n5	n8	8	8
tr_57 0.00010625		0.00010625		3	n6	n8	10	10
tr_57 0.00043016		0.00043016		2	n7	n8	12	12
tr_58 0.00007620		0.00007620		6	n3	n8	4	4
tr_58 0.00001003		0.00001003		5	n4	n8	6	6
tr_58 0.00055533		0.00055533		4	n5	n8	8	8
tr_58 0.03217603		0.03217603		3	n6	n8	10	10
tr_58 0.00044465		0.00044465		2	n7	n8	12	12
tr_59 0.02021001		0.02021001		6	n3	n8	4	4
tr_59 0.00085499		0.00085499		5	n4	n8	6	6
tr_59 0.00837061		0.00837061		4	n5	n8	8	8
tr_59 0.00010612		0.00010612		3	n6	n8	10	10
tr_59 0.01973687		0.01973687		2	n7	n8	12	12
tr_6 0.11154151		0.11154151		6	n3	n8	4	4
tr_6 0.00010483		0.00010483		5	n4	n8	6	6
tr_6 0.00002010		0.00002010		4	n5	n8	8	8
tr_6 0.00277354		0.00277354		3	n6	n8	10	10
tr_6 0.00027825		0.00027825		2	n7	n8	12	12
tr_60 0.00006718		0.00006718		6	n3	n8	4	4
tr_60 0.00002746		0.00002746		5	n4	n8	6	6
tr_60 0.00509754		0.00509754		4	n5	n8	8	8
tr_60 0.00001184		0.00001184		3	n6	n8	10	10
tr_60 0.00002876		0.00002876		2	n7	n8	12	12
tr_61 0.00017492		0.00017492		6	n3	n8	4	4
tr_61 0.00003588		0.00003588		5	n4	n8	6	6
tr_61 0.00189171		0.00189171		4	n5	n8	8	8
tr_61 0.00003509		0.00003509		3	n6	n8	10	10
tr_61 0.00525470		0.00525470		2	n7	n8	12	12
tr_62 0.00032359		0.00032359		6	n3	n8	4	4
tr_62 0.02729677		0.02729677		5	n4	n8	6	6
tr_62 0.00001354		0.00001354		4	n5	n8	8	8
tr_62 0.00003176		0.00003176		3	n6	n8	10	10
tr_62 0.00002330		0.00002330		2	n7	n8	12	12
tr_63 0.00106935		0.00106935		6	n3	n8	4	4
tr_63 0.00001039		0.00001039		5	n4	n8	6	6
tr_63 0.00001085		0.00001085		4	n5	n8	8	8
tr_63 0.00026235		0.00026235		3	n6	n8	10	10
tr_63 0.00004501		0.00004501		2	n7	n8	12	12
tr_64 0.00002282		0.00002282		6	n3	n8	4	4
tr_64 0.00460685		0.00460685		5	n4	n8	6	6
tr_64 0.00001452		0.00001452		4	n5	n8	8	8
tr_64 0.06214093		0.06214093		3	n6	n8	10	10
tr_64 0.04226261		0.04226261		2	n7	n8	12	12
tr_65 0.00020748		0.00020748		6	n3	n8	4	4
tr_65 0.10477587		0.10477587		5	n4	n8	6	6
tr_65 0.08074127		0.08074127		4	n5	n8	8	8
tr_65 0.01647086		0.01647086		3	n6	n8	10	10
tr_65 0.00063485		0.00063485		2	n7	n8	12	12
tr_66 0.00014847		0.00014847		6	n3	n8	4	4
tr_66 0.00009410		0.00009410		5	n4	n8	6	6
tr_66 0.08777645		0.08777645		4	n5	n8	8	8
tr_66 0.00062720		0.00062720		3	n6	n8	10	10
tr_66 0.00052396		0.00052396		2	n7	n8	12	12
tr_67 0.00001305		0.00001305		6	n3	n8	4	4
tr_67 0.01264007		0.01264007		5	n4	n8	6	6
tr_67 0.11269116		0.11269116		4	n5	n8	8	8
tr_67 0.00705884		0.00705884		3	n6	n8	10	10
tr_67 0.00259092		0.00259092		2	n7	n8	12	12
tr_68 0.00564794		0.00564794		6	n3	n8	4	4
tr_68 0.01843234		0.01843234		5	n4	n8	6	6
tr_68 0.00544719		0.00544719		4	n5	n8	8	8
tr_68 0.02491771		0.02491771		3	n6	n8	10	10
tr_68 0.00026969		0.00026969		2	n7	n8	12	12
tr_69 0.00053239		0.00053239		6	n3	n8	4	4
tr_69 0.00139929		0.00139929		5	n4	n8	6	6
tr_69 0.00001458		0.00001458		4	n5	n8	8	8
tr_69 0.00160838		0.00160838		3	n6	n8	10	10
tr_69 0.00011915		0.00011915		2	n7	n8	12	12
tr_7 0.02562884		0.02562884		6	n3	n8	4	4
tr_7 0.01185679		0.01185679		5	n4	n8	6	6
tr_7 0.00002615		0.00002615		4	n5	n8	8	8
tr_7 0.00006714		0.00006714		3	n6	n8	10	10
tr_7 0.00010909		0.00010909		2	n7	n8	12	12
tr_70 0.00003945		0.00003945		6	n3	n8	4	4
tr_70 0.01282031		0.01282031		5	n4	n8	6	6
tr_70 0.00001233		0.00001233		4	n5	n8	8	8
tr_70 0.00001163		0.00001163		3	n6	n8	10	10
tr_70 0.11340801		0.11340801		2	n7	n8	12	12
tr_71 0.01417810		0.01417810		6	n3	n8	4	4
tr_71 0.00002164		0.00002164		5	n4	n8	6	6
tr_71 0.00170586		0.00170586		4	n5	n8	8	8
tr_71 0.00070102		0.00070102		3	n6	n8	10	10
tr_71 0.00961693		0.00961693		2	n7	n8	12	12
tr_72 0.00001330		0.00001330		6	n3	n8	4	4
tr_72 0.01207511		0.01207511		5	n4	n8	6	6
tr_72 0.00662086		0.00662086		4	n5	n8	8	8
tr_72 0.00643176		0.00643176		3	n6	n8	10	10
tr_72 0.05146256		0.05146256		2	n7	n8	12	12
tr_73 0.00018814		0.00018814		6	n3	n8	4	4
tr_73 0.00090602		0.00090602		5	n4	n8	6	6
tr_73 0.00001260		0.00001260		4	n5	n8	8	8
tr_73 0.00001309		0.00001309		3	n6	n8	10	10
tr_73 0.00593112		0.00593112		2	n7	n8	12	12
tr_74 0.00258243		0.00258243		6	n3	n8	4	4
tr_74 0.00038088		0.00038088		5	n4	n8	6	6
tr_74 0.00121608		0.00121608		4	n5	n8	8	8
tr_74 0.01247960		0.01247960		3	n6	n8	10	10
tr_74 0.00002691		0.00002691		2	n7	n8	12	12
tr_75 0.00005883		0.00005883		6	n3	n8	4	4
tr_75 0.00333412		0.00333412		5	n4	n8	6	6
tr_75 0.00107872		0.00107872		4	n5	n8	8	8
tr_75 0.00200761		0.00200761		3	n6	n8	10	10
tr_75 0.00003186		0.00003186		2	n7	n8	12	12
tr_76 0.00002685		0.00002685		6	n3	n8	4	4
tr_76 0.00185631		0.00185631		5	n4	n8	6	6
tr_76 0.00004496		0.00004496		4	n5	n8	8	8
tr_76 0.00024235		0.00024235		3	n6	n8	10	10
tr_76 0.00001987		0.00001987		2	n7	n8	12	12
tr_77 0.00004338		0.00004338		6	n3	n8	4	4
tr_77 0.00005364		0.00005364		5	n4	n8	6	6
tr_77 0.00052717		0.00052717		4	n5	n8	8	8
tr_77 0.01896095		0.01896095		3	n6	n8	10	10
tr_77 0.00132523		0.00132523		2	n7	n8	12	12
tr_78 0.00057753		0.00057753		6	n3	n8	4	4
tr_78 0.00001227		0.00001227		5	n4	n8	6	6
tr_78 0.02770704		0.02770704		4	n5	n8	8	8
tr_78 0.00009841		0.00009841		3	n6	n8	10	10
tr_78 0.02421977		0.02421977		2	n7	n8	12	12
tr_79 0.00332045		0.00332045		6	n3	n8	4	4
tr_79 0.02674265		0.02674265		5	n4	n8	6	6
tr_79 0.03158813		0.03158813		4	n5	n8	8	8
tr_79 0.00009445		0.00009445		3	n6	n8	10	10
tr_79 0.00300463		0.00300463		2	n7	n8	12	12
tr_8 0.00007684		0.00007684		6	n3	n8	4	4
tr_8 0.00152964		0.00152964		5	n4	n8	6	6
tr_8 0.00128447		0.00128447		4	n5	n8	8	8
tr_8 0.00068565		0.00068565		3	n6	n8	10	10
tr_8 0.00058237		0.00058237		2	n7	n8	12	12
tr_80 0.01630944		0.01630944		6	n3	n8	4	4
tr_80 0.01163993		0.01163993		5	n4	n8	6	6
tr_80 0.00003495		0.00003495		4	n5	n8	8	8
tr_80 0.00002029		0.00002029		3	n6	n8	10	10
tr_80 0.00001104		0.00001104		2	n7	n8	12	12
tr_81 0.08149238		0.08149238		6	n3	n8	4	4
tr_81 0.00031300		0.00031300		5	n4	n8	6	6
tr_81 0.00012151		0.00012151		4	n5	n8	8	8
tr_81 0.00528231		0.00528231		3	n6	n8	10	10
tr_81 0.00009942		0.00009942		2	n7	n8	12	12
tr_82 0.11405018		0.11405018		6	n3	n8	4	4
tr_82 0.00367514		0.00367514		5	n4	n8	6	6
tr_82 0.04941153		0.04941153		4	n5	n8	8	8
tr_82 0.00506724		0.00506724		3	n6	n8	10	10
tr_82 0.01417286		0.01417286		2	n7	n8	12	12
tr_83 0.00009373		0.00009373		6	n3	n8	4	4
tr_83 0.00044094		0.00044094		5	n4	n8	6	6
tr_83 0.00789072		0.00789072		4	n5	n8	8	8
tr_83 0.01132725		0.01132725		3	n6	n8	10	10
tr_83 0.00016593		0.00016593		2	n7	n8	12	12
tr_84 0.00594420		0.00594420		6	n3	n8	4	4
tr_84 0.01564594		0.01564594		5	n4	n8	6	6
tr_84 0.00121043		0.00121043		4	n5	n8	8	8
tr_84 0.00020219		0.00020219		3	n6	n8	10	10
tr_84 0.00006027		0.00006027		2	n7	n8	12	12
tr_85 0.00007519		0.00007519		6	n3	n8	4	4
tr_85 0.00003622		0.00003622		5	n4	n8	6	6
tr_85 0.01282846		0.01282846		4	n5	n8	8	8
tr_85 0.02093295		0.02093295		3	n6	n8	10	10
tr_85 0.00029626		0.00029626		2	n7	n8	12	12
tr_86 0.00007586		0.00007586		6	n3	n8	4	4
tr_86 0.07100731		0.07100731		5	n4	n8	6	6
tr_86 0.10262349		0.10262349		4	n5	n8	8	8
tr_86 0.00007093		0.00007093		3	n6	n8	10	10
tr_86 0.00090594		0.00090594		2	n7	n8	12	12
tr_87 0.02941503		0.02941503		6	n3	n8	4	4
tr_87 0.00308039		0.00308039		5	n4	n8	6	6
tr_87 0.00124822		0.00124822		4	n5	n8	8	8
tr_87 0.00001571		0.00001571		3	n6	n8	10	10
tr_87 0.00002463		0.00002463		2	n7	n8	12	12
tr_88 0.00358199		0.00358199		6	n3	n8	4	4
tr_88 0.00083479		0.00083479		5	n4	n8	6	6
tr_88 0.00263498		0.00263498		4	n5	n8	8	8
tr_88 0.00018938		0.00018938		3	n6	n8	10	10
tr_88 0.05763662		0.05763662		2	n7	n8	12	12
tr_89 0.04390568		0.04390568		6	n3	n8	4	4
tr_89 0.01508529		0.01508529		5	n4	n8	6	6
tr_89 0.00019513		0.00019513		4	n5	n8	8	8
tr_89 0.00027307		0.00027307		3	n6	n8	10	10
tr_89 0.05521528		0.05521528		2	n7	n8	12	12
tr_9 0.02021100		0.02021100		6	n3	n8	4	4
tr_9 0.00006954		0.00006954		5	n4	n8	6	6
tr_9 0.00282467		0.00282467		4	n5	n8	8	8
tr_9 0.04070799		0.04070799		3	n6	n8	10	10
tr_9 0.00571319		0.00571319		2	n7	n8	12	12
tr_90 0.00015635		0.00015635		6	n3	n8	4	4
tr_90 0.00011751		0.00011751		5	n4	n8	6	6
tr_90 0.00026651		0.00026651		4	n5	n8	8	8
tr_90 0.00003905		0.00003905		3	n6	n8	10	10
tr_90 0.00081675		0.00081675		2	n7	n8	12	12
tr_91 0.00709051		0.00709051		6	n3	n8	4	4
tr_91 0.00014583		0.00014583		5	n4	n8	6	6
tr_91 0.00011062		0.00011062		4	n5	n8	8	8
tr_91 0.00003369		0.00003369		3	n6	n8	10	10
tr_91 0.00069525		0.00069525		2	n7	n8	12	12
tr_92 0.00080728		0.00080728		6	n3	n8	4	4
tr_92 0.06762884		0.06762884		5	n4	n8	6	6
tr_92 0.00030895		0.00030895		4	n5	n8	8	8
tr_92 0.00274211		0.00274211		3	n6	n8	10	10
tr_92 0.00898477		0.00898477		2	n7	n8	12	12
tr_93 0.00001845		0.00001845		6	n3	n8	4	4
tr_93 0.01141736		0.01141736		5	n4	n8	6	6
tr_93 0.04483865		0.04483865		4	n5	n8	8	8
tr_93 0.03203742		0.03203742		3	n6	n8	10	10
tr_93 0.02897783		0.02897783		2	n7	n8	12	12
tr_94 0.00067752		0.00067752		6	n3	n8	4	4
tr_94 0.00252233		0.00252233		5	n4	n8	6	6
tr_94 0.00007881		0.00007881		4	n5	n8	8	8
tr_94 0.00008465		0.00008465		3	n6	n8	10	10
tr_94 0.00467254		0.00467254		2	n7	n8	12	12
tr_95 0.00459092		0.00459092		6	n3	n8	4	4
tr_95 0.01258585		0.01258585		5	n4	n8	6	6
tr_95 0.00003198		0.00003198		4	n5	n8	8	8
tr_95 0.00139373		0.00139373		3	n6	n8	10	10
tr_95 0.00373705		0.00373705		2	n7	n8	12	12
tr_96 0.01108673		0.01108673		6	n3	n8	4	4
tr_96 0.00008607		0.00008607		5	n4	n8	6	6
tr_96 0.02891223		0.02891223		4	n5	n8	8	8
tr_96 0.00158982		0.00158982		3	n6	n8	10	10
tr_96 0.00007165		0.00007165		2	n7	n8	12	12
tr_97 0.00021673		0.00021673		6	n3	n8	4	4
tr_97 0.08093125		0.08093125		5	n4	n8	6	6
tr_97 0.01323237		0.01323237		4	n5	n8	8	8
tr_97 0.07206292		0.07206292		3	n6	n8	10	10
tr_97 0.00037121		0.00037121		2	n7	n8	12	12
tr_98 0.00127230		0.00127230		6	n3	n8	4	4
tr_98 0.00007909		0.00007909		5	n4	n8	6	6
tr_98 0.00399758		0.00399758		4	n5	n8	8	8
tr_98 0.00044149		0.00044149		3	n6	n8	10	10
tr_98 0.00004773		0.00004773		2	n7	n8	12	12
tr_99 0.02638888		0.02638888		6	n3	n8	4	4
tr_99 0.00269996		0.00269996		5	n4	n8	6	6
tr_99 0.00221343		0.00221343		4	n5	n8	8	8
tr_99 0.00026423		0.00026423		3	n6	n8	10	10
tr_99 0.00322983		0.00322983		2	n7	n8	12	12
